-- ============================================================
-- 其他业务数据初始化脚本
-- 包含: 积分商城商品、秒杀活动、优惠券、专题活动、用户积分账户、
--       Banner广告、用户、商户、店铺、商品分类、品牌
-- 生成时间: 2026-07-15
-- ============================================================

SET NAMES utf8mb4;

USE `sim_shopping`;

-- -----------------------------------------------------------
-- 积分商城商品 (t_points_product)
-- -----------------------------------------------------------

DELETE FROM `t_points_product` WHERE 1=1;

INSERT INTO `t_points_product` (`id`, `product_name`, `description`, `image_url`, `points_required`, `stock`, `status`, `created_at`, `updated_at`, `created_by`, `updated_by`, `deleted`) VALUES (1,'50元优惠券','满100减50全场通用优惠券','/uploads/products/cat10_prod10.jpg',500,100,'ACTIVE','2026-07-15 21:51:32','2026-07-15 23:13:37',NULL,NULL,0),(2,'100元优惠券','满200减100全场通用优惠券','/uploads/products/cat10_prod11.jpg',1000,50,'ACTIVE','2026-07-15 21:51:32','2026-07-15 23:13:37',NULL,NULL,0),(3,'定制环保帆布袋','简约环保定制帆布袋，购物出行两用','/uploads/products/cat10_prod12.jpg',300,200,'ACTIVE','2026-07-15 21:51:32','2026-07-15 23:13:37',NULL,NULL,0),(4,'品牌限定马克杯','限量品牌马克杯，陶瓷材质','/uploads/products/cat10_prod121.webp',800,80,'ACTIVE','2026-07-15 21:51:32','2026-07-15 23:13:37',NULL,NULL,0),(5,'全场免邮券','下单即享免邮服务','/uploads/products/cat10_prod122.webp',200,500,'ACTIVE','2026-07-15 21:51:32','2026-07-15 23:13:37',NULL,NULL,0);

-- -----------------------------------------------------------
-- 秒杀活动 (t_flash_sale)
-- -----------------------------------------------------------

DELETE FROM `t_flash_sale` WHERE 1=1;

INSERT INTO `t_flash_sale` (`id`, `product_id`, `original_price`, `flash_price`, `stock`, `sold_count`, `start_time`, `end_time`, `limit_per_user`, `status`, `created_at`, `updated_at`, `created_by`, `updated_by`, `deleted`) VALUES (1,121,326.92,228.84,20,0,'2026-07-15 23:21:06','2026-07-22 23:21:06',1,'ACTIVE','2026-07-15 21:51:32','2026-07-15 23:21:06',NULL,NULL,0),(2,122,137.55,96.28,50,0,'2026-07-15 23:21:06','2026-07-22 23:21:06',2,'ACTIVE','2026-07-15 21:51:32','2026-07-15 23:21:06',NULL,NULL,0),(3,123,344.82,241.37,100,0,'2026-07-15 23:21:06','2026-07-22 23:21:06',5,'ACTIVE','2026-07-15 21:51:32','2026-07-15 23:21:06',NULL,NULL,0);

-- -----------------------------------------------------------
-- 优惠券 (t_coupon)
-- -----------------------------------------------------------

DELETE FROM `t_coupon` WHERE 1=1;

INSERT INTO `t_coupon` (`id`, `coupon_code`, `coupon_name`, `coupon_type`, `discount_value`, `min_spend`, `total_quantity`, `claimed_quantity`, `used_quantity`, `valid_start_time`, `valid_end_time`, `applicable_scope`, `applicable_ids`, `status`, `created_at`, `updated_at`, `created_by`, `updated_by`, `deleted`) VALUES (1,'WELCOME100','新用户满减券','FIXED_AMOUNT',100.00,200.00,1000,0,0,'2026-07-15 21:51:32','2026-08-14 21:51:32','ALL',NULL,'ACTIVE','2026-07-15 21:51:32','2026-07-15 21:51:32',NULL,NULL,0),(2,'SUMMER50','夏日清凉券','PERCENTAGE',0.20,100.00,500,0,0,'2026-07-15 21:51:32','2026-07-30 21:51:32','ALL',NULL,'ACTIVE','2026-07-15 21:51:32','2026-07-15 21:51:32',NULL,NULL,0),(3,'VIP200','会员专享券','FIXED_AMOUNT',200.00,500.00,200,0,0,'2026-07-15 21:51:32','2026-09-13 21:51:32','ALL',NULL,'ACTIVE','2026-07-15 21:51:32','2026-07-15 21:51:32',NULL,NULL,0);

-- -----------------------------------------------------------
-- 专题活动 (t_activity)
-- -----------------------------------------------------------

DELETE FROM `t_activity` WHERE 1=1;

INSERT INTO `t_activity` (`id`, `activity_name`, `banner_image`, `description`, `start_time`, `end_time`, `sort_order`, `status`, `created_at`, `updated_at`, `created_by`, `updated_by`, `deleted`) VALUES (1,'618年中大促','/uploads/products/cat10_prod13.jpg','全场商品低至5折，限时抢购，错过再等一年','2026-07-15 21:51:32','2026-08-14 21:51:32',1,'ACTIVE','2026-07-15 21:51:32','2026-07-15 23:13:37',NULL,NULL,0),(2,'新人专享活动','/uploads/products/cat10_prod130.jpg','新注册用户可领取专属大礼包，首单立减','2026-07-15 21:51:32','2026-10-13 21:51:32',2,'ACTIVE','2026-07-15 21:51:32','2026-07-15 23:13:37',NULL,NULL,0);

-- -----------------------------------------------------------
-- 用户积分账户 (t_user_points)
-- -----------------------------------------------------------

DELETE FROM `t_user_points` WHERE 1=1;

INSERT INTO `t_user_points` (`id`, `user_id`, `total_points`, `available_points`, `created_at`, `updated_at`, `created_by`, `updated_by`, `deleted`) VALUES (1,1,0,0,'2026-07-15 21:51:32','2026-07-15 21:51:32',NULL,NULL,0),(2,2,0,0,'2026-07-15 21:51:32','2026-07-15 21:51:32',NULL,NULL,0),(3,3,0,0,'2026-07-15 21:51:32','2026-07-15 21:51:32',NULL,NULL,0),(4,4,0,0,'2026-07-15 21:51:32','2026-07-15 21:51:32',NULL,NULL,0),(5,5,0,0,'2026-07-15 21:51:32','2026-07-15 21:51:32',NULL,NULL,0),(6,6,0,0,'2026-07-15 21:51:32','2026-07-15 21:51:32',NULL,NULL,0),(7,7,0,0,'2026-07-15 21:51:32','2026-07-15 21:51:32',NULL,NULL,0),(8,8,0,0,'2026-07-15 21:51:32','2026-07-15 21:51:32',NULL,NULL,0),(9,9,0,0,'2026-07-15 21:51:32','2026-07-15 21:51:32',NULL,NULL,0),(10,10,0,0,'2026-07-15 21:51:32','2026-07-15 21:51:32',NULL,NULL,0),(11,11,0,0,'2026-07-15 21:51:32','2026-07-15 21:51:32',NULL,NULL,0);

-- -----------------------------------------------------------
-- Banner广告 (t_banner)
-- -----------------------------------------------------------

DELETE FROM `t_banner` WHERE 1=1;

INSERT INTO `t_banner` (`id`, `title`, `image_url`, `link_url`, `sort_order`, `status`, `start_time`, `end_time`, `created_at`, `updated_at`, `created_by`, `updated_by`, `deleted`) VALUES (1,'欢迎来到模拟商城','','/',1,'ACTIVE','2026-07-15 21:51:32','2027-07-15 21:51:32','2026-07-15 21:51:32','2026-07-15 21:51:32',NULL,NULL,0),(2,'新品上市 限时优惠','','/category/2',2,'ACTIVE','2026-07-15 21:51:32','2027-07-15 21:51:32','2026-07-15 21:51:32','2026-07-15 21:51:32',NULL,NULL,0);

-- -----------------------------------------------------------
-- 用户 (t_user)
-- -----------------------------------------------------------

DELETE FROM `t_user` WHERE 1=1;

INSERT INTO `t_user` (`id`, `username`, `password`, `nickname`, `avatar`, `gender`, `phone`, `email`, `role`, `status`, `points`, `created_at`, `updated_at`, `created_by`, `updated_by`, `deleted`) VALUES (1,'admin','$2a$10$7MaASWMlYItDrcW.KLnGYOqklzVZ9mlIIJToy0EVzCLZ0jFkwegJ2','超级管理员',NULL,0,'13000000000','admin@sim.com','ADMIN','ACTIVE',0,'2026-07-15 21:51:32','2026-07-15 21:51:32',NULL,NULL,0),(2,'merchant1','$2a$10$CIAvymesYwLeArEOQ9fDWO.SEANZ91QLNjC7lF3JfyZw8PyMZPFgS','数码达人',NULL,0,'13800138001','merchant1@test.com','MERCHANT','ACTIVE',0,'2026-07-15 21:51:32','2026-07-15 21:51:32',NULL,NULL,0),(3,'merchant2','$2a$10$6k6e80g3ndhEDPjYfPqC8OBVGYbahlh6IXSuXT9WmFtchoUkZQizi','美妆女王',NULL,0,'13800138002','merchant2@test.com','MERCHANT','ACTIVE',0,'2026-07-15 21:51:32','2026-07-15 21:51:32',NULL,NULL,0),(4,'merchant3','$2a$10$ChR2p6vItrBlvGUN64carOZNXaTCKsP7ks.Ra1zVXTao64Rk4iAsm','潮流服饰',NULL,0,'13800138003','merchant3@test.com','MERCHANT','ACTIVE',0,'2026-07-15 21:51:32','2026-07-15 21:51:32',NULL,NULL,0),(5,'merchant4','$2a$10$BJzOeTxeCZy8IePltNVG5.bfVinpFviow9Zkr9Hw5dt6SUgSli6OC','美食天下',NULL,0,'13800138004','merchant4@test.com','MERCHANT','ACTIVE',0,'2026-07-15 21:51:32','2026-07-15 21:51:32',NULL,NULL,0),(6,'merchant5','$2a$10$eiIDa9dRIWodYW7fo3KV5OyFXF2QpVrnErrBbTtzbmf9kiCCks5Ru','居家好物',NULL,0,'13800138005','merchant5@test.com','MERCHANT','ACTIVE',0,'2026-07-15 21:51:32','2026-07-15 21:51:32',NULL,NULL,0),(7,'merchant6','$2a$10$vCxO.jCsVNC8FLycmsxpq.lTY25vCWNgPl3MaDD.gJKjWN72de1aW','运动达人',NULL,0,'13800138006','merchant6@test.com','MERCHANT','ACTIVE',0,'2026-07-15 21:51:32','2026-07-15 21:51:32',NULL,NULL,0),(8,'merchant7','$2a$10$zP.bfYapZZCb7MJjG6Qr5OeYR/Jzs8151IbI6bJaZaCz6zbX2POhK','书虫书屋',NULL,0,'13800138007','merchant7@test.com','MERCHANT','ACTIVE',0,'2026-07-15 21:51:32','2026-07-15 21:51:32',NULL,NULL,0),(9,'merchant8','$2a$10$XG/dwyF3nyAjKF1.tXPb.Ojn9.9eQ2O3XN7QsrkfAt70j2ZiCTwwK','宝贝乐园',NULL,0,'13800138008','merchant8@test.com','MERCHANT','ACTIVE',0,'2026-07-15 21:51:32','2026-07-15 21:51:32',NULL,NULL,0),(10,'user1','$2a$10$4h91VahjMi/2.WJgf/oahOfZ7hFuHbiOdwofu9P/DeKLnImJ/QvmS','测试用户',NULL,0,'13900139001','user1@test.com','USER','ACTIVE',100,'2026-07-15 21:51:32','2026-07-15 21:51:32',NULL,NULL,0),(11,'user2','$2a$10$DTbmtBHH3NgOFo0.LMrWPevSejyO068I4oClVweVBidjjoEzIJbf2','购物达人',NULL,0,'13900139002','user2@test.com','USER','ACTIVE',200,'2026-07-15 21:51:32','2026-07-15 21:51:32',NULL,NULL,0);

-- -----------------------------------------------------------
-- 商户 (t_merchant)
-- -----------------------------------------------------------

DELETE FROM `t_merchant` WHERE 1=1;

INSERT INTO `t_merchant` (`id`, `user_id`, `merchant_name`, `contact_phone`, `contact_email`, `business_license`, `status`, `approved_at`, `approved_by`, `created_at`, `updated_at`, `created_by`, `updated_by`, `deleted`) VALUES (1,2,'模拟商城旗舰店','13800138001','merchant1@test.com',NULL,'ACTIVE','2026-07-15 21:51:32',1,'2026-07-15 21:51:32','2026-07-15 21:51:32',NULL,NULL,0),(2,3,'花漾美妆专营店','13800138002','merchant2@test.com',NULL,'ACTIVE','2026-07-15 21:51:32',1,'2026-07-15 21:51:32','2026-07-15 21:51:32',NULL,NULL,0),(3,4,'潮流服饰旗舰店','13800138003','merchant3@test.com',NULL,'ACTIVE','2026-07-15 21:51:32',1,'2026-07-15 21:51:32','2026-07-15 21:51:32',NULL,NULL,0),(4,5,'美食天下旗舰店','13800138004','merchant4@test.com',NULL,'ACTIVE','2026-07-15 21:51:32',1,'2026-07-15 21:51:32','2026-07-15 21:51:32',NULL,NULL,0),(5,6,'居家好物旗舰店','13800138005','merchant5@test.com',NULL,'ACTIVE','2026-07-15 21:51:32',1,'2026-07-15 21:51:32','2026-07-15 21:51:32',NULL,NULL,0),(6,7,'运动达人旗舰店','13800138006','merchant6@test.com',NULL,'ACTIVE','2026-07-15 21:51:32',1,'2026-07-15 21:51:32','2026-07-15 21:51:32',NULL,NULL,0),(7,8,'书虫书屋','13800138007','merchant7@test.com',NULL,'ACTIVE','2026-07-15 21:51:32',1,'2026-07-15 21:51:32','2026-07-15 21:51:32',NULL,NULL,0),(8,9,'宝贝乐园','13800138008','merchant8@test.com',NULL,'ACTIVE','2026-07-15 21:51:32',1,'2026-07-15 21:51:32','2026-07-15 21:51:32',NULL,NULL,0);

-- -----------------------------------------------------------
-- 店铺 (t_shop)
-- -----------------------------------------------------------

DELETE FROM `t_shop` WHERE 1=1;

INSERT INTO `t_shop` (`id`, `merchant_id`, `shop_name`, `shop_logo`, `description`, `balance`, `total_income`, `total_settled`, `frozen_amount`, `status`, `created_at`, `updated_at`, `created_by`, `updated_by`, `deleted`) VALUES (1,1,'模拟商城旗舰店','','专注数码产品，品质保证，极速发货',0.00,0.00,0.00,0.00,'ACTIVE','2026-07-15 21:51:32','2026-07-15 21:51:32',NULL,NULL,0),(2,2,'花漾美妆专营店','','正品美妆，呵护你的美丽',0.00,0.00,0.00,0.00,'ACTIVE','2026-07-15 21:51:32','2026-07-15 21:51:32',NULL,NULL,0),(3,3,'潮流服饰旗舰店','','时尚穿搭，品质生活',0.00,0.00,0.00,0.00,'ACTIVE','2026-07-15 21:51:32','2026-07-15 21:51:32',NULL,NULL,0),(4,4,'美食天下旗舰店','','精选美味，产地直供',0.00,0.00,0.00,0.00,'ACTIVE','2026-07-15 21:51:32','2026-07-15 21:51:32',NULL,NULL,0),(5,5,'居家好物旗舰店','','打造温馨舒适的家',0.00,0.00,0.00,0.00,'ACTIVE','2026-07-15 21:51:32','2026-07-15 21:51:32',NULL,NULL,0),(6,6,'运动达人旗舰店','','专业运动装备，释放你的活力',0.00,0.00,0.00,0.00,'ACTIVE','2026-07-15 21:51:32','2026-07-15 21:51:32',NULL,NULL,0),(7,7,'书虫书屋','','百万图书，正版保障',0.00,0.00,0.00,0.00,'ACTIVE','2026-07-15 21:51:32','2026-07-15 21:51:32',NULL,NULL,0),(8,8,'宝贝乐园','','用心呵护每一个宝贝',0.00,0.00,0.00,0.00,'ACTIVE','2026-07-15 21:51:32','2026-07-15 21:51:32',NULL,NULL,0);

-- -----------------------------------------------------------
-- 商品分类 (t_category)
-- -----------------------------------------------------------

DELETE FROM `t_category` WHERE 1=1;

INSERT INTO `t_category` (`id`, `parent_id`, `name`, `icon`, `sort_order`, `status`, `level`, `created_at`, `updated_at`, `created_by`, `updated_by`, `deleted`) VALUES (1,0,'服装',NULL,1,'ACTIVE',1,'2026-07-15 21:51:32','2026-07-15 21:51:32',NULL,NULL,0),(2,0,'数码',NULL,2,'ACTIVE',1,'2026-07-15 21:51:32','2026-07-15 21:51:32',NULL,NULL,0),(3,0,'美妆',NULL,3,'ACTIVE',1,'2026-07-15 21:51:32','2026-07-15 21:51:32',NULL,NULL,0),(4,0,'食品',NULL,4,'ACTIVE',1,'2026-07-15 21:51:32','2026-07-15 21:51:32',NULL,NULL,0),(5,0,'家居',NULL,5,'ACTIVE',1,'2026-07-15 21:51:32','2026-07-15 21:51:32',NULL,NULL,0),(6,0,'运动',NULL,6,'ACTIVE',1,'2026-07-15 21:51:32','2026-07-15 21:51:32',NULL,NULL,0),(7,0,'图书',NULL,7,'ACTIVE',1,'2026-07-15 21:51:32','2026-07-15 21:51:32',NULL,NULL,0),(8,0,'母婴',NULL,8,'ACTIVE',1,'2026-07-15 21:51:32','2026-07-15 21:51:32',NULL,NULL,0),(9,2,'手机','Phone',1,'ACTIVE',2,'2026-07-15 21:51:32','2026-07-15 21:51:32',NULL,NULL,0),(10,2,'电脑','Computer',2,'ACTIVE',2,'2026-07-15 21:51:32','2026-07-15 21:51:32',NULL,NULL,0),(11,2,'耳机音响','Headset',3,'ACTIVE',2,'2026-07-15 21:51:32','2026-07-15 21:51:32',NULL,NULL,0),(12,3,'护肤','SkinCare',1,'ACTIVE',2,'2026-07-15 21:51:32','2026-07-15 21:51:32',NULL,NULL,0),(13,3,'彩妆','Makeup',2,'ACTIVE',2,'2026-07-15 21:51:32','2026-07-15 21:51:32',NULL,NULL,0),(14,3,'个护','PersonalCare',3,'ACTIVE',2,'2026-07-15 21:51:32','2026-07-15 21:51:32',NULL,NULL,0),(15,1,'男装','Tshirt',1,'ACTIVE',2,'2026-07-15 21:51:32','2026-07-15 21:51:32',NULL,NULL,0),(16,1,'女装','Dress',2,'ACTIVE',2,'2026-07-15 21:51:32','2026-07-15 21:51:32',NULL,NULL,0),(17,1,'鞋靴','Shoes',3,'ACTIVE',2,'2026-07-15 21:51:32','2026-07-15 21:51:32',NULL,NULL,0),(18,4,'零食','Snack',1,'ACTIVE',2,'2026-07-15 21:51:32','2026-07-15 21:51:32',NULL,NULL,0),(19,4,'饮料','Drink',2,'ACTIVE',2,'2026-07-15 21:51:32','2026-07-15 21:51:32',NULL,NULL,0),(20,4,'生鲜','Fresh',3,'ACTIVE',2,'2026-07-15 21:51:32','2026-07-15 21:51:32',NULL,NULL,0),(21,5,'家纺','Textile',1,'ACTIVE',2,'2026-07-15 21:51:32','2026-07-15 21:51:32',NULL,NULL,0),(22,5,'厨具','Kitchen',2,'ACTIVE',2,'2026-07-15 21:51:32','2026-07-15 21:51:32',NULL,NULL,0),(23,5,'收纳','Storage',3,'ACTIVE',2,'2026-07-15 21:51:32','2026-07-15 21:51:32',NULL,NULL,0),(24,6,'运动鞋','Sneaker',1,'ACTIVE',2,'2026-07-15 21:51:32','2026-07-15 21:51:32',NULL,NULL,0),(25,6,'运动服','Sportswear',2,'ACTIVE',2,'2026-07-15 21:51:32','2026-07-15 21:51:32',NULL,NULL,0),(26,6,'健身器材','Fitness',3,'ACTIVE',2,'2026-07-15 21:51:32','2026-07-15 21:51:32',NULL,NULL,0),(27,7,'文学','Book',1,'ACTIVE',2,'2026-07-15 21:51:32','2026-07-15 21:51:32',NULL,NULL,0),(28,7,'科技','Tech',2,'ACTIVE',2,'2026-07-15 21:51:32','2026-07-15 21:51:32',NULL,NULL,0),(29,7,'教育','Edu',3,'ACTIVE',2,'2026-07-15 21:51:32','2026-07-15 21:51:32',NULL,NULL,0),(30,8,'奶粉','Milk',1,'ACTIVE',2,'2026-07-15 21:51:32','2026-07-15 21:51:32',NULL,NULL,0),(31,8,'纸尿裤','Diaper',2,'ACTIVE',2,'2026-07-15 21:51:32','2026-07-15 21:51:32',NULL,NULL,0),(32,8,'玩具','Toy',3,'ACTIVE',2,'2026-07-15 21:51:32','2026-07-15 21:51:32',NULL,NULL,0);

-- -----------------------------------------------------------
-- 品牌 (t_brand)
-- -----------------------------------------------------------

DELETE FROM `t_brand` WHERE 1=1;

INSERT INTO `t_brand` (`id`, `brand_name`, `brand_logo`, `brand_description`, `status`, `created_at`, `updated_at`, `created_by`, `updated_by`, `deleted`) VALUES (1,'Apple','','全球领先的科技品牌','ACTIVE','2026-07-15 21:51:32','2026-07-15 21:51:32',NULL,NULL,0),(2,'华为','','中国科技领军品牌','ACTIVE','2026-07-15 21:51:32','2026-07-15 21:51:32',NULL,NULL,0),(3,'雅诗兰黛','','高端护肤彩妆品牌','ACTIVE','2026-07-15 21:51:32','2026-07-15 21:51:32',NULL,NULL,0),(4,'兰蔻','','法国奢华美妆品牌','ACTIVE','2026-07-15 21:51:32','2026-07-15 21:51:32',NULL,NULL,0),(5,'小米','','让每个人都能享受科技的乐趣','ACTIVE','2026-07-15 21:51:32','2026-07-15 21:51:32',NULL,NULL,0),(6,'SK-II','','日本高端护肤品牌','ACTIVE','2026-07-15 21:51:32','2026-07-15 21:51:32',NULL,NULL,0),(7,'优衣库','','高品质基本款','ACTIVE','2026-07-15 21:51:32','2026-07-15 21:51:32',NULL,NULL,0),(8,'Nike','','全球运动品牌','ACTIVE','2026-07-15 21:51:32','2026-07-15 21:51:32',NULL,NULL,0),(9,'ZARA','','快时尚品牌','ACTIVE','2026-07-15 21:51:32','2026-07-15 21:51:32',NULL,NULL,0),(10,'三只松鼠','','互联网零食品牌','ACTIVE','2026-07-15 21:51:32','2026-07-15 21:51:32',NULL,NULL,0),(11,'农夫山泉','','天然饮用水品牌','ACTIVE','2026-07-15 21:51:32','2026-07-15 21:51:32',NULL,NULL,0),(12,'无印良品','','简约生活方式品牌','ACTIVE','2026-07-15 21:51:32','2026-07-15 21:51:32',NULL,NULL,0),(13,'宜家','','瑞典家居品牌','ACTIVE','2026-07-15 21:51:32','2026-07-15 21:51:32',NULL,NULL,0),(14,'Adidas','','德国运动品牌','ACTIVE','2026-07-15 21:51:32','2026-07-15 21:51:32',NULL,NULL,0),(15,'李宁','','中国运动品牌','ACTIVE','2026-07-15 21:51:32','2026-07-15 21:51:32',NULL,NULL,0),(16,'人民文学出版社','','经典文学出版品牌','ACTIVE','2026-07-15 21:51:32','2026-07-15 21:51:32',NULL,NULL,0),(17,'机械工业出版社','','专业科技图书出版','ACTIVE','2026-07-15 21:51:32','2026-07-15 21:51:32',NULL,NULL,0),(18,'飞鹤','','中国奶粉品牌','ACTIVE','2026-07-15 21:51:32','2026-07-15 21:51:32',NULL,NULL,0),(19,'乐高','','丹麦积木玩具品牌','ACTIVE','2026-07-15 21:51:32','2026-07-15 21:51:32',NULL,NULL,0);

-- 其他业务数据初始化完成
